id,country
892,Germany
893,Germany
894,Australia
895,UK
896,Germany
897,France
898,Germany
899,India
900,Germany
901,France
902,USA
903,China
904,France
905,France
906,Singapore
907,Germany
908,Australia
909,Singapore
910,Japan
911,UK
912,USA
913,Germany
914,India
915,Germany
916,France
917,China
918,India
919,USA
920,India
921,Australia
922,Singapore
923,India
924,China
925,Australia
926,Australia
927,China
928,USA
929,France
930,Singapore
931,UK
932,Japan
933,France
934,Germany
935,Singapore
936,Germany
937,India
938,Japan
939,Japan
940,USA
941,France
942,India
943,Germany
944,Japan
945,France
946,France
947,China
948,India
949,Singapore
950,USA
951,India
952,Japan
953,UK
954,France
955,Germany
956,UK
957,Japan
958,Japan
959,UK
960,China
961,USA
962,Australia
963,Japan
964,Australia
965,India
966,Australia
967,France
968,China
969,France
970,USA
971,Australia
972,Australia
973,UK
974,Germany
975,Singapore
976,USA
977,UK
978,Germany
979,India
980,Germany
981,China
982,Japan
983,Singapore
984,India
985,Singapore
986,Australia
987,Japan
988,France
989,India
990,Australia
991,Singapore
992,Germany
993,UK
994,China
995,Japan
996,India
997,USA
998,India
999,India
1000,Germany
1001,Japan
1002,Australia
1003,India
1004,Germany
1005,Singapore
1006,UK
1007,India
1008,USA
1009,Singapore
1010,UK
1011,France
1012,Singapore
1013,USA
1014,India
1015,China
1016,USA
1017,Germany
1018,Australia
1019,Australia
1020,France
1021,China
1022,Japan
1023,Germany
1024,France
1025,India
1026,USA
1027,Singapore
1028,Singapore
1029,Japan
1030,Singapore
1031,USA
1032,India
1033,Australia
1034,China
1035,UK
1036,Germany
1037,India
1038,Singapore
1039,India
1040,USA
1041,India
1042,Japan
1043,USA
1044,France
1045,Singapore
1046,UK
1047,China
1048,Australia
1049,Singapore
1050,Japan
1051,UK
1052,Australia
1053,Singapore
1054,China
1055,Japan
1056,Japan
1057,India
1058,India
1059,France
1060,Singapore
1061,France
1062,Japan
1063,China
1064,Singapore
1065,USA
1066,Singapore
1067,France
1068,UK
1069,Singapore
1070,Singapore
1071,USA
1072,India
1073,USA
1074,Singapore
1075,Japan
1076,France
1077,Germany
1078,India
1079,Japan
1080,USA
1081,Singapore
1082,Germany
1083,India
1084,Singapore
1085,France
1086,Australia
1087,USA
1088,Japan
1089,France
1090,Singapore
1091,UK
1092,India
1093,Japan
1094,China
1095,UK
1096,USA
1097,India
1098,India
1099,Germany